,positive_100k,active_100k,recovered_100k,death_100k,hospitalizedCumulative_100k,inIcuCurrently_100k,onVentilatorCurrently_100k,BedsPer100k
count,30.0,30.0,30.0,30.0,30.0,31.0,31.0,31.0
mean,399.1883367636477,364.9432333481812,147.17200462675814,23.062857741983652,39.16019107890368,139.59500998870885,73.5028583780218,13440.0
std,58.93906923718963,634.1685518677335,81.34055012116036,6.101759218476063,43.52385447100153,17.123281145825413,8.14095938728633,0.0
min,287.0192396323764,-2213.4820040531886,35.48126603653418,13.052649011096719,9.507140628205775,109.6021804856059,61.621761322958186,13440.0
25%,348.98022728232763,314.2042114671249,80.56286227915712,17.951103627020927,22.99095339220159,126.36974807342001,66.26114505173899,13440.0
50%,405.0260887654558,366.2339421854431,127.77419729665257,24.118524529916442,28.294728030351393,140.3265606275694,74.7063776283245,13440.0
75%,432.6467102197207,419.6635340280918,212.49095675637943,26.243009686259782,32.753925434323975,151.7947136932544,79.15664464619381,13440.0
max,544.3485369785631,2291.2095873621056,412.6250144834539,33.91654812427328,246.3710546632749,165.88370846380303,94.52132152245757,13440.0
